,CZ_tokens
the,437
of,335
and,212
jazyk,157
in,154
dat,132
česk,131
překlad,122
for,94
is,80
korpus,74
we,73
text,73
stroj,66
this,65
model,62
vět,60
analýz,59
with,59
slovník,58
zdroj,58
výsledk,54
syst,54
automatick,53
sys,51
czech,51
anglick,50
are,49
systém,48
metod,45
syntaktick,44
vztah,43
závislostn,43
nástroj,41
význam,40
prák,40
úloh,40
představujem,39
cíl,39
as,37
translation,37
parser,37
valenčn,36
výzkum,36
popisuj,36
anotak,35
založen,35
základ,34
dialog,33
treebank,33
sémantick,32
sad,32
that,31
from,31
rámk,31
valenc,30
použit,30
task,30
rozpoznáván,30
an,28
oblast,28
sloves,28
obsahuj,27
popis,27
typ,27
histor,27
projekt,27
be,27
základn,26
zpracován,26
domén,26
oral,26
závislost,26
mach,26
slov,25
představuj,25
struktur,25
popisujem,25
různ,25
morfologick,24
strom,24
pomoc,24
lingvistick,24
our,24
chyb,24
dostupn,23
dotaz,23
řek,23
different,23
languag,23
slovesn,23
it,23
parsing,22
verbs,22
kontext,22
paper,22
anotačn,22
slo,22
form,22
jednotliv,21
přirozen,21
druh,21
informak,21
využit,21
výraz,21
přednášk,20
nov,20
učen,20
anotovan,20
histori,20
pdt,20
present,20
softwar,19
statistick,19
substantiv,19
which,19
english,19
als,19
hodnocen,19
experiment,19
nouns,19
extrakk,19
několik,19
ručn,19
vlastnost,18
uživatel,18
příspěvk,18
universal,18
kvalit,18
entit,18
ukazuj,18
paraleln,18
přístup,18
mt,18
studi,17
navržen,17
způsob,17
syntax,17
thes,17
lexikáln,17
can,17
reprezentak,17
search,17
možn,16
verh,16
linguistic,16
zejmén,16
analysis,16
their,16
diskurzn,16
langua,16
dan,16
těcht,16
naš,16
archiv,16
but,16
senten,16
specifick,15
výstup,15
vývoj,15
nlp,15
between,15
evaluation,15
dependenk,15
případ,15
část,15
doplněn,15
http,15
dependenc,15
dvo,15
rys,14
informac,14
propojen,14
jev,14
research,14
meaning,14
styl,14
wer,14
systems,14
komponent,14
kald,14
příspěvek,14
work,14
trénován,14
příklad,14
pravidl,13
zachycen,13
umožňuj,13
vyhledáván,13
its,13
někter,13
predikát,13
zabýv,13
postoj,13
hlavn,13
et,13
datov,13
argument,13
konektor,13
dokument,13
pražsk,13
two,13
zároveň,13
valenk,13
kombinak,13
prezentak,12
koreferenk,12
víceslovn,12
method,12
information,12
collectiv,12
aplikak,12
formát,12
test,12
funkčn,12
clar,12
univerzáln,12
segment,12
mnoh,12
použív,12
schém,12
memor,12
úspěšnost,12
kter,12
emocionáln,12
specific,12
čast,12
not,12
slovn,12
možnost,12
ty,12
fráz,12
navrhujem,12
identit,12
mezijazyk,12
new,11
pražs,11
pro,11
hloubk,11
coreferenk,11
přehled,11
zaměřujem,11
thre,11
prostředk,11
them,11
based,11
užit,11
formáln,11
or,11
was,11
slovosled,11
sít,11
stav,11
vallex,11
corp,11
vytvořen,11
tagger,11
hav,11
structur,11
int,11
onl,11
recogniser,11
řešen,11
forms,11
participant,10
repozitář,10
současn,10
recognition,10
všechn,10
referenk,10
společn,10
rovněž,10
hledisk,10
dosahuj,10
dialogu,10
annotation,10
spe,10
web,10
stud,10
googl,10
teoretick,10
kategori,10
výzkumn,10
počítač,10
čes,10
featu,10
modern,10
přím,10
vyjádřen,10
morphological,10
anotac,10
nezávisl,10
předev,10
princip,10
aspekt,10
description,10
word,10
tj,10
natrénovan,10
větn,10
stejn,10
lexical,10
som,10
using,10
oráln,10
participants,10
rovin,9
komplexn,9
licenc,9
such,9
mo,9
tectomt,9
used,9
agent,9
onlin,9
dictionar,9
výběr,9
obecn,9
infrastruktur,9
účel,9
rozbor,9
využi,9
představen,9
skript,9
cel,9
point,9
přináš,9
lingvistik,9
view,9
problém,9
součást,9
standardn,9
however,9
syntactic,9
social,9
korp,9
vario,9
results,9
manuáln,9
technologi,9
ukazujem,9
prezentujem,9
use,9
been,9
vizuáln,9
usc,9
vel,9
pcedt,9
představil,9
němk,9
povrch,9
rol,9
lze,9
each,9
tém,9
technick,9
aktuáln,9
soutěh,8
verb,8
voln,8
aktant,8
zaměřím,8
prv,8
vědeck,8
trénovac,8
vyvinut,8
primárn,8
veřejn,8
vybran,8
sekundárn,8
platform,8
konkrétn,8
teori,8
grammatical,8
shoah,8
obor,8
gramatick,8
hyperlinking,8
foundation,8
czengvallex,8
vylepšen,8
dispozik,8
typick,8
testován,8
spojen,8
sa,8
podrobn,8
následn,8
definován,8
využív,8
kolektivn,8
ud,8
similar,8
detekk,8
poskytuj,8
formalism,8
one,8
získan,8
prostřed,8
malach,8
lexicon,8
záměr,8
automatic,8
hodin,8
morfologi,8
at,8
akustick,8
techniq,8
větš,8
alex,8
prezentuj,8
evaluak,8
reflexivn,8
meteor,8
zaměřen,8
porovnán,8
struktuř,8
availabl,8
individual,8
pamět,7
vyhodnocen,7
vliv,7
rozpoznávak,7
referenčn,7
směr,7
znám,7
medicín,7
například,7
first,7
porovnáv,7
rámc,7
framework,7
rozdíl,7
vážen,7
ktor,7
generován,7
nametag,7
resour,7
každ,7
both,7
prob,7
takov,7
slovansk,7
pár,7
interset,7
problematik,7
zkoumán,7
under,7
krok,7
shod,7
stanfordsk,7
odlišn,7
jazyc,7
sourk,7
konstrukc,7
zájmen,7
ble,7
constructions,7
vstupn,7
kapitol,7
zaměřuj,7
experiments,7
program,7
existujíc,7
vv,7
describ,7
retrieval,7
reflexiv,7
parallel,7
původn,7
provid,7
russian,7
přitom,7
posledn,7
has,7
centr,7
pozornost,7
depfix,7
modelován,7
will,7
related,7
mluven,7
emoc,7
algoritm,7
potřeb,7
průzkum,7
služb,7
relevantn,7
jedn,7
propert,7
zlepšen,7
other,7
zapojen,7
soubor,7
development,7
všech,7
sociological,7
acoustic,7
výskyt,6
diathe,6
řad,6
samostatn,6
krátk,6
special,6
distribuován,6
rok,6
zpráv,6
aplikac,6
narrativ,6
úkol,6
poster,6
benchmark,6
francouzsk,6
lidsk,6
návrh,6
mediaeval,6
public,6
hypotéz,6
dalš,6
vhodn,6
cílen,6
rusk,6
použít,6
process,6
developed,6
well,6
míst,6
theoretical,6
adaptak,6
identifikak,6
derivačn,6
vlastn,6
training,6
interpolak,6
diskurz,6
show,6
přenos,6
treex,6
tým,6
implementak,6
značkován,6
konstrukk,6
statistical,6
rozšířen,6
targeted,6
shared,6
wmt,6
kritéri,6
valenč,6
vzork,6
právn,6
srovnán,6
prezentován,6
představím,6
tom,6
foc,6
talk,6
vydán,6
standard,6
značek,6
znalostn,6
postup,6
uživatelsk,6
metrik,6
nekomerčn,6
semeval,6
odpovídajíc,6
podobn,6
let,6
communication,6
důvod,6
probíh,6
včetn,6
analýh,6
sledován,6
quer,6
oba,6
morphodit,6
delexikalizovan,6
pragu,6
obsah,6
jed,6
sestaven,6
databáh,5
parafrázován,5
evaluated,5
common,5
overview,5
nejlepš,5
odpověd,5
slovosledn,5
širok,5
kolekk,5
podpor,5
paraphra,5
tools,5
určit,5
models,5
how,5
qualit,5
komputačn,5
visual,5
využívám,5
lingvist,5
comparison,5
slovensk,5
jin,5
důležit,5
tvorb,5
set,5
token,5
all,5
bohat,5
praktick,5
obo,5
contribution,5
proveden,5
měl,5
tvar,5
selected,5
included,5
vystadial,5
derinet,5
webov,5
aktivit,5
získáván,5
resolution,5
fgp,5
representation,5
amrs,5
napříč,5
sociologi,5
obohacen,5
pln,5
otázk,5
vyhľadávani,5
zeman,5
stat,5
petr,5
ther,5
výsledn,5
kombinuj,5
output,5
marneff,5
de,5
historical,5
useful,5
zkušenost,5
bod,5
zkouman,5
python,5
nahrávek,5
využívaj,5
závěr,5
certa,5
jednoduch,5
sentenk,5
genitiv,5
proces,5
part,5
semantic,5
segmentation,5
jak,5
adsf,5
lepš,5
podobnost,5
stran,5
toolkit,5
metodologick,5
odhad,5
slovak,5
paraphrasing,5
shifts,5
perspektiv,5
rychlost,5
modul,5
liš,5
věnován,5
síť,5
distribuk,5
zvláštn,5
learning,5
internet,5
předchoz,5
significantl,5
jednojazyčn,5
prepis,5
elips,5
evaluativn,5
generativ,5
treebanc,5
ohled,5
chan,5
than,5
množstv,5
ehealth,5
knih,5
nejprv,5
medical,5
presents,5
pragmatick,5
kolekci,5
významn,5
klasifikátor,5
licenk,5
automaticall,5
wmt15,5
stál,5
general,5
užitečn,5
aplikovan,5
singl,5
idiom,5
gramatik,5
demonstrujem,5
neřízen,5
possibl,5
jmén,5
změn,5
sets,5
hierarchical,4
národn,4
pbmt,4
presented,4
achieved,4
lehk,4
verbal,4
deep,4
ověřen,4
mwes,4
cest,4
veřejnost,4
smt,4
telefonn,4
transfer,4
uložen,4
skór,4
provi,4
pojmenovan,4
manual,4
step,4
lexicographic,4
souvisejíc,4
četnost,4
ir,4
uas,4
stáv,4
fgd,4
adpozic,4
knihovn,4
compared,4
asr,4
faktor,4
so,4
up,4
segmentáci,4
sociáln,4
překladač,4
lexikografick,4
inkrementáln,4
tr,4
vyjadřován,4
stránk,4
anchoring,4
propojován,4
recordings,4
functional,4
quit,4
vulgarism,4
mal,4
concerning,4
tříd,4
performank,4
jmenn,4
basel,4
trained,4
abstract,4
man,4
obvykl,4
informáci,4
řízen,4
any,4
dlouh,4
konatel,4
develop,4
sentiment,4
zabývám,4
kombinac,4
vs,4
mor,4
guideli,4
project,4
používám,4
several,4
parts,4
budován,4
otevřen,4
resourk,4
grammar,4
přiřazen,4
alternac,4
digitáln,4
complementations,4
releas,4
no,4
typical,4
vhodnost,4
then,4
smysl,4
larg,4
zachycuj,4
velk,4
značk,4
prohledáván,4
adaptation,4
mén,4
laděn,4
interlingv,4
dvěm,4
týkajíc,4
phenomen,4
konzistentn,4
psan,4
cílov,4
přiroze,4
důrah,4
report,4
milión,4
typologi,4
generátor,4
adapt,4
určen,4
ver,4
million,4
means,4
ukázal,4
rextractor,4
interoperabilit,4
dosažen,4
sdílen,4
báh,4
koncept,4
omezen,4
registr,4
univerzit,4
uk,4
chimér,4
nim,4
analyzuj,4
překladak,4
parmesan,4
corpor,4
hodnoce,4
parafráz,4
anaphor,4
korektor,4
try,4
including,4
výzkumník,4
podporuj,4
kontrol,4
rozpoznávač,4
věd,4
používán,4
zjišťujem,4
url,4
links,4
projects,4
dspak,4
autor,4
eric,4
soulad,4
digital,4
architektur,4
someti,4
údaj,4
descri,4
věnuj,4
úvod,4
patterns,4
derivation,4
reprezentac,4
vyhodnocujem,4
zúčastnil,4
morfosyntaktick,4
categor,4
nalézt,4
komerčn,4
jednotn,4
spíš,4
srovnávac,4
hybridn,4
závisl,4
tří,4
dvojjazyčn,4
přest,4
delexicalizovan,4
úsek,4
vyšš,4
usag,4
mír,4
klcpos3,4
přen,4
zaměře,4
skup,4
účastník,4
zdieľani,4
pops,4
podmnoh,4
cc,4
zdarm,4
lgpl,4
ways,4
sam,4
about,4
doma,4
important,4
španělsk,4
konverh,4
past,4
balíček,4
workshop,4
jádr,4
perl,4
theor,4
alignment,4
context,4
discussion,4
sdp,4
student,4
schémat,4
evropsk,4
pronouns,4
expressions,4
anaforick,4
uzl,4
tektogramatick,4
témat,4
anafor,4
členěn,4
hindencorp,4
hindmonocorp,4
generativn,4
basic,4
main,4
práv,4
přijateln,4
vydan,4
licens,4
empirical,4
používan,4
network,4
interaktivn,4
topics,4
dávk,3
klad,3
uměl,3
kvantitativn,3
dík,3
výstavb,3
dvojic,3
separat,3
představit,3
správn,3
tvarosl,3
mlad,3
account,3
parsit,3
analyzován,3
lab,3
sekund,3
ii,3
mstperl,3
hamledt,3
dát,3
titulk,3
materiál,3
anaphoric,3
akk,3
porovnávam,3
probíhajíc,3
přechod,3
pot,3
abstraktn,3
taggers,3
metrics,3
eu,3
ďalej,3
fre,3
rozsáhl,3
clas,3
shrnuj,3
performs,3
neshod,3
přičemž,3
vide,3
along,3
licenčn,3
vícejazyčn,3
služeb,3
slouž,3
hranik,3
zhrub,3
standalon,3
diskuh,3
disciplín,3
úspěšn,3
výzv,3
stanovisk,3
graphs,3
podmínk,3
atd,3
brn,3
second,3
vešker,3
charakteristik,3
multilingual,3
novin,3
impact,3
řečov,3
rychl,3
odborn,3
what,3
proposed,3
mohl,3
před,3
reprezentuj,3
pilotn,3
srovnáv,3
vyhľadávan,3
words,3
výrazn,3
pocház,3
fotografi,3
synonymi,3
corresponden,3
zahrnujíc,3
obsažen,3
center,3
vyvíj,3
technik,3
vycház,3
usnadnit,3
tracker,3
žákovsk,3
slu,3
kategorizak,3
technologick,3
vzdělávac,3
rozsah,3
technolog,3
cvh,3
among,3
společensk,3
ukážem,3
noun,3
statistic,3
mluvč,3
analyzed,3
dvojik,3
výkon,3
allow,3
manuall,3
counterparts,3
humanitn,3
annotated,3
differ,3
strojo,3
nejen,3
associated,3
paradigm,3
celk,3
content,3
personal,3
respectiv,3
třech,3
životn,3
out,3
prostor,3
věnujem,3
sbírk,3
vzhled,3
korespondenk,3
primaril,3
nekrolog,3
americk,3
api,3
úrovn,3
povrcho,3
schopn,3
důkladn,3
obsahujíc,3
přeložen,3
parametr,3
oprav,3
reciprocit,3
karl,3
prah,3
clef,3
víceúrovň,3
mff,3
pre,3
předložk,3
tak,3
byť,3
phenomenon,3
hovor,3
basis,3
approac,3
natrénován,3
definik,3
vzorek,3
trénovateln,3
mu,3
ff,3
získán,3
corresponding,3
lexikon,3
application,3
statistik,3
relations,3
složen,3
pojm,3
surfak,3
examp,3
zapojenost,3
exemplified,3
prototypicall,3
ohnisk,3
demonstrated,3
featur,3
order,3
dependent,3
koordinak,3
studium,3
pravidel,3
experienk,3
skutečnost,3
ukáz,3
topic,3
ročník,3
extraction,3
book,3
see,3
diskus,3
urdsk,3
sche,3
testovac,3
aim,3
pomok,3
crowdsourcing,3
errors,3
scientific,3
translak,3
scor,3
tweet,3
sour,3
lemm,3
most,3
hierarchick,3
pattern,3
hesel,3
human,3
doprav,3
latti,3
amount,3
zcel,3
pohled,3
jednotk,3
zahrnuj,3
propos,3
jednak,3
cas,3
přík,3
importank,3
iss,3
german,3
pokry,3
due,3
sestáv,3
pomůh,3
připraven,3
probíhal,3
dostupnost,3
could,3
support,3
contemporar,3
snadn,3
events,3
practik,3
převeden,3
sociolog,3
approach,3
modelling,3
požadavk,3
zlepšit,3
interpretation,3
srovnateln,3
distribuc,3
dřív,3
korelak,3
societ,3
exploit,3
historick,3
french,3
vzájemn,3
nakonec,3
decoder,3
poučk,3
without,3
prac,3
schopen,3
ict,3
mezijazyčn,3
subject,3
schopnost,3
relationship,3
empirick,3
rather,3
vyvíjen,3
libovoln,3
zvýšen,3
hind,3
jelikož,3
rozmanit,3
otázek,3
zlepšuj,3
sink,3
dopad,3
questions,3
variant,3
kte,3
navíc,3
spolehliv,3
metad,3
klasifikak,3
described,3
referenc,3
combinations,3
frequenk,3
funkk,3
current,3
points,3
naučen,3
jakéhokoliv,3
ca,3
applied,3
pairs,3
tasks,3
pozik,3
wher,3
discuss,3
dosahujem,3
vyřešen,3
nominalizovan,3
submitted,3
given,3
emok,3
polarit,3
používaj,3
boundar,3
amr,3
stanoven,3
podávám,3
adekvátn,3
schem,3
engvallex,3
výměn,3
ekvivalent,3
potenciál,3
názor,3
goal,3
consistent,3
behaviour,3
pokus,3
vytvořit,3
compar,3
often,3
nicmén,3
reflexivit,3
shrnut,3
signifikantn,3
bádán,3
kind,3
morpholog,3
higher,3
umí,3
exchang,3
subjekt,3
combined,3
přidáván,3
doplňk,3
argu,3
jazykovědn,3
pracujíc,3
becaus,3
podob,3
urd,3
jazykověd,3
monolingual,3
anglic,3
tokens,3
odkaz,3
hodnotíc,3
analyzujem,3
příslušn,3
doubl,3
popíšem,3
processing,3
scenari,3
tagging,3
označkovan,3
popsan,3
number,3
target,3
extend,3
fact,3
translated,3
výpověd,3
uvozen,3
creat,3
hlas,3
sú,3
metód,3
téměř,3
chines,3
open,3
existing,3
devoted,3
databas,3
question,3
podúloh,3
samotn,3
methods,3
rost,3
own,3
original,3
bmm,2
produ,2
nois,2
vývojář,2
vyhodnoc,2
předpon,2
paraphras,2
mfcc,2
testing,2
tab,2
finall,2
extension,2
vyrovnán,2
koreferenčn,2
supports,2
resulting,2
příbuzn,2
transkripc,2
limited,2
nedávn,2
provádět,2
zahrnut,2
rodil,2
experimentujem,2
součas,2
parafrázovan,2
korekk,2
zpřesněn,2
klíč,2
computed,2
sco,2
poznatk,2
posterior,2
lstm,2
sledovač,2
paraphrased,2
obrázk,2
news,2
článk,2
created,2
provided,2
freel,2
wordnet,2
filtering,2
hodnot,2
latenc,2
cloudasr,2
correlation,2
cloud,2
alread,2
judgment,2
wmt12,2
wmt13,2
parafrázovac,2
škálovatelnost,2
poznán,2
nasazen,2
thesis,2
šum,2
rozhran,2
používajíc,2
intelligenk,2
artificial,2
mojžíš,2
jedin,2
improving,2
idiosyncras,2
eia,2
collected,2
specification,2
zpravidl,2
starost,2
žen,2
zbaven,2
napojen,2
jednotek,2
bbn,2
datasets,2
vyhledávac,2
eud,2
presentation,2
situation,2
particular,2
obviousl,2
anotova,2
obstac,2
collaboration,2
zůstáv,2
myšlenk,2
operac,2
composition,2
získáv,2
frequent,2
expressed,2
just,2
adres,2
pair,2
thus,2
relieving,2
opakovan,2
elaborated,2
soustřeďujíc,2
posun,2
nuank,2
holocaust,2
slight,2
universit,2
shift,2
server,2
always,2
r,2
focu,2
deverbal,2
rozpoznán,2
kříž,2
kvantifikak,2
tudíž,2
occurren,2
motivak,2
posesor,2
hledisek,2
čist,2
modifying,2
vznik,2
speaker,2
umožnil,2
frekvenk,2
bezpředložko,2
national,2
semlex,2
claus,2
zavěšen,2
particularl,2
components,2
zajmen,2
hindsk,2
274k,2
consists,2
total,2
four,2
central,2
directions,2
relativ,2
estimation,2
wmt14,2
designed,2
algorithm,2
katedr,2
chapter,2
department,2
ksi,2
fp7,2
csa,2
mosescor,2
pti,2
transport,2
written,2
onlinelatgenrecogniser,2
terms,2
posteriorn,2
lin,2
uncertaint,2
osobn,2
introduction,2
explained,2
váh,2
vícezdroj,2
mstparser,2
scénář,2
převod,2
doktorand,2
mírn,2
students,2
lectur,2
využívajíc,2
invited,2
oprot,2
clau,2
paralel,2
nastaven,2
tvaroslovn,2
divergenk,2
nevážen,2
doktorsk,2
věnovan,2
teoretic,2
editor,2
úvodn,2
hypothesis,2
příp,2
podmínek,2
extrakčn,2
oznámen,2
stressed,2
derivational,2
ner,2
mateřsk,2
sestávaj,2
úprav,2
opinion,2
dobr,2
neříze,2
nutn,2
svaz,2
sběr,2
best,2
relying,2
sampl,2
2nd,2
1st,2
complexit,2
introduced,2
htk,2
spočítan,2
being,2
better,2
outperformed,2
independent,2
představujíc,2
značn,2
formal,2
build,2
field,2
názv,2
výsledek,2
accurac,2
run,2
suggested,2
antepozik,2
přívlastk,2
genitivn,2
conversion,2
assmann,2
czesl,2
prvn,2
halbwachs,2
figu,2
nezapojen,2
deepl,2
com,2
archivn,2
pořad,2
narodit,2
souhrnn,2
ovlivňuj,2
archival,2
tendenk,2
aktor,2
patient,2
tabulk,2
konferenk,2
del,2
uvnitř,2
příčinn,2
activit,2
negativn,2
typologick,2
direct,2
předběžn,2
achievements,2
neshodn,2
who,2
bojar,2
alternations,2
may,2
rozhodovaci,2
represent,2
segments,2
fra,2
explor,2
decision,2
surve,2
participation,2
cor,2
necessar,2
when,2
whil,2
interlingu,2
tags,2
perspectiv,2
facilitating,2
further,2
generation,2
around,2
found,2
efficient,2
distributed,2
jav,2
layer,2
servi,2
šiřiteln,2
if,2
zvlášť,2
konečn,2
users,2
exact,2
jawaid,2
remarks,2
tagged,2
linked,2
tectogrammatical,2
ru,2
c,2
ptb,2
hpsg,2
enj,2
pas,2
b,2
dm,2
typicall,2
deals,2
track,2
submission,2
modalit,2
performed,2
nahrávk,2
carried,2
formulat,2
morfém,2
roland,2
wagner,2
published,2
volum,2
pbml,2
focusing,2
ideas,2
critical,2
relation,2
komunikak,2
deca,2
lép,2
vysok,2
diateh,2
constraints,2
natrén,2
neuron,2
provád,2
tokenizak,2
fram,2
unit,2
svobodn,2
applicabilit,2
passiv,2
voik,2
implik,2
named,2
organizac,2
attempt,2
neprojektivn,2
broad,2
zvyšuj,2
sme,2
collection,2
centrum,2
môh,2
spĺň,2
repozitár,2
user,2
takét,2
zajišťuj,2
relativn,2
velikost,2
za,2
standardarabic,2
účetnictv,2
sharing,2
probírám,2
productiv,2
tuning,2
although,2
per,2
charakter,2
případn,2
prefix,2
adding,2
intensified,2
focused,2
snažím,2
procedur,2
institutions,2
konektivn,2
event,2
poskytovan,2
vymezen,2
hlav,2
built,2
entr,2
purpos,2
termín,2
transducer,2
gplv3,2
msa,2
sens,2
directl,2
poloautomatick,2
multimodáln,2
growing,2
sui,2
qualitativ,2
articl,2
realizován,2
dokonk,2
another,2
long,2
aspects,2
indeed,2
expression,2
short,2
term,2
interviews,2
constructed,2
scien,2
challeng,2
vstup,2
fenomén,2
narativn,2
applications,2
initial,2
paměť,2
explicit,2
discipli,2
seems,2
hand,2
researching,2
jehož,2
had,2
generis,2
attention,2
sociologick,2
wid,2
spojován,2
tabulek,2
interview,2
contextual,2
dosavadn,2
methodolog,2
spoken,2
upon,2
zásadn,2
výhled,2
budoucn,2
značen,2
building,2
knowledg,2
atribuk,2
insight,2
str,2
rostouc,2
zajímav,2
dekódován,2
secondar,2
znak,2
itself,2
zkoumám,2
translator,2
translat,2
architectur,2
variet,2
integrak,2
progress,2
ilustrativn,2
náhodn,2
rôznych,2
pret,2
uzel,2
mezinárodn,2
infrastructur,2
běžn,2
dosud,2
dal,2
venujem,2
příležitost,2
holandsk,2
kompatibiln,2
přirozenějš,2
novějš,2
navrhovan,2
zpracováv,2
metadát,2
jakožt,2
jazyko,2
ich,2
syntéz,2
predikativ,2
tvořen,2
jednoh,2
ověřujem,2
provoz,2
link,2
citak,2
objevuj,2
orálněhistorick,2
souvislost,2
rozvoj,2
polysémi,2
tematick,2
směřován,2
budouc,2
epistemologick,2
použi,2
tradičn,2
popisovan,2
dynamick,2
republik,2
polov,2
vytvářen,2
prístup,2
existenk,2
speciáln,2
uspokojiv,2
identifikátor,2
navrhuj,2
televíznych,2
průběh,2
commons,2
zájm,2
přínos,2
svět,2
rad,2
předm,2
chimer,2
hlubok,2
creativ,2
přispět,2
získ,2
žák,2
klitick,2
ekonomick,2
predikativn,2
problematick,2
povrchověsyntaktick,2
rozdělen,2
platnost,2
asociativn,2
utvářen,2
pokrýv,2
plnovýznam,2
funkč,2
vha,2
príbuzn,2
kombinovan,2
mining,2
je,2
využiti,2
skúmam,2
dôležit,2
dob,2
potřebn,2
popisujíc,2
vysvětlen,2
přiřadit,2
multimediáln,2
ukládán,2
úfal,2
penn,2
licencován,2
prozkoum,2
srovnávám,2
zákon,2
vytvořil,2
úroveň,2
synonym,2
organizátor,2
navazuj,2
docház,2
vypuštěn,2
limitovan,2
kolekc,2
účast,2
člen,2
probl,2
též,2
obligatorn,2
předkládaj,2
asociačn,2
obecnějš,2
hesl,2
tektomt,2
elektronick,2
ovš,2
frazeologick,2
funkcionalit,2
poskytnout,2
sloužit,2
sob,2
definovan,2
čech,2
anotován,2
aplikovateln,2
find,2
length,2
ones,2
texts,2
věřím,2
chaining,2
structural,2
pilot,2
mechanisms,2
starting,2
gecc,2
zer,2
vše,2
pdit,2
reports,2
přináším,2
findings,2
systematick,2
nízk,2
vypořád,2
navrhnout,2
vysvětluj,2
autoř,2
trval,2
instituc,2
směrnik,2
analytick,2
concept,2
dotazovac,2
ccr,2
konzistenk,2
definuj,2
sémantik,2
intern,2
vykazuj,2
ústav,2
jej,2
minulost,2
přeživš,2
rozhovor,2
vyhodnocován,2
porovnávám,2
parafráh,2
vybudován,2
siln,2
ancor,2
anonymizovan,2
vybr,2
informačn,2
rozličn,2
podklad,2
dějin,2
result,2
předkládám,2
částečn,2
vysledk,2
vyladěn,2
bohatost,2
ved,2
zamerim,2
prednask,2
fáh,2
arabsk,2
pravopis,2
veden,2
qtleap,2
clenen,2
použiteln,2
posteditak,2
rozlišen,2
zapojil,2
osob,2
chains,2
předpoklad,2
dostatek,2
předcházejíc,2
subjektivn,2
představ,2
můžem,2
slovnědruh,2
uvád,2
vědc,2
formuj,2
rámec,2
důležitost,2
párován,2
reáln,2
provázan,2
kategoriál,2
zjištěn,2
rozložen,2
lexikál,2
znalost,2
pdev,2
optimalizak,2
anotátor,2
plánovač,2
strategi,2
uveden,2
řeším,2
děl,2
nominalizak,2
někd,2
verbonomináln,2
obj,2
ironi,2
skutečn,2
nezarovnan,2
rozpozn,2
upraven,2
subjectivit,2
last,2
předsta,2
užíván,2
answer,2
současnost,2
analytik,2
přesněj,2
klasick,2
prostřednict,2
pml,2
diskutujem,2
smlouv,2
budovan,2
da,2
svo,2
zprav,2
reprezentován,2
prost,2
čem,2
detail,2
nyn,2
zpracováván,2
trend,2
diskutován,2
ústředn,2
realizak,2
generovan,2
pravděpodobnostn,2
konstrukčn,2
efforts,1
environments,1
manag,1
přenost,1
crucial,1
outl,1
intend,1
usuall,1
quantit,1
inclu,1
requirements,1
zaměřil,1
svém,1
zjednoduš,1
narůstajíc,1
obrat,1
důsledk,1
illustrat,1
scientifick,1
marketován,1
exploitabl,1
frekventn,1
archi,1
supported,1
producuj,1
participat,1
did,1
researchers,1
reus,1
potentiall,1
realm,1
kompetitivn,1
collections,1
wmt16,1
autmomatick,1
categorih,1
official,1
cur,1
cultivat,1
obdob,1
region,1
skříňk,1
přibýv,1
conceiv,1
badatel,1
akademik,1
bezpochyb,1
desetilet,1
kvalitativn,1
ať,1
cancel,1
čern,1
situational,1
jeo,1
bid,1
reflection,1
hierarchial,1
conscio,1
enhanced,1
appr,1
epistemolog,1
highest,1
advank,1
praxis,1
rejstřík,1
distinguish,1
rozpočt,1
actors,1
hop,1
provádím,1
generated,1
portion,1
establish,1
hir,1
turn,1
doing,1
aplikujem,1
consequen,1
směř,1
pol,1
jimiž,1
zakotven,1
execut,1
záze,1
institucionáln,1
natož,1
utvořen,1
konceptuáln,1
odvětv,1
ground,1
souslo,1
označit,1
nastínit,1
congruent,1
poku,1
embrak,1
přistupuj,1
naznačil,1
manifestations,1
podstat,1
usnadňován,1
complex,1
eliminating,1
ensembl,1
prescrib,1
tuned,1
previo,1
contrast,1
kategorizujem,1
speciﬁcall,1
additionall,1
anotujem,1
snaž,1
train,1
chybějíc,1
prais,1
aracomlex,1
machín,1
odesílám,1
dostatečn,1
hodnotit,1
registrovan,1
občas,1
ukrajinsk,1
ukraj,1
omezujem,1
engliš,1
ukrainian,1
ukra,1
hopefull,1
adresn,1
longer,1
attested,1
extracting,1
initiativ,1
forum,1
recent,1
nominal,1
technical,1
autom,1
inclusion,1
weight,1
priorit,1
odstupňovan,1
giving,1
lemmatizing,1
unknown,1
urg,1
sail,1
appl,1
voting,1
disambiguat,1
guesser,1
analyser,1
ldc,1
kompromis,1
acquir,1
matching,1
tool,1
choi,1
seal,1
vnitřn,1
plan,1
follow,1
limit,1
preprocesován,1
captured,1
enough,1
regular,1
sestav,1
involved,1
dependuj,1
morphemic,1
implied,1
masivn,1
extensivn,1
chang,1
diathesis,1
pipelín,1
brought,1
conditioned,1
figur,1
postproces,1
structu,1
skop,1
enter,1
naturáln,1
activ,1
usa,1
zpřístupňujem,1
unmarked,1
trénujem,1
lexicons,1
doufám,1
lexicall,1
hlasován,1
earl,1
evidenk,1
tweets,1
simplif,1
bazoval,1
implementation,1
verov,1
obtains,1
soustřeďujem,1
vstupuj,1
aktivn,1
nepříznako,1
rul,1
transformak,1
morphologicall,1
pack,1
implementoval,1
need,1
značková,1
draws,1
navazujem,1
fináln,1
reduk,1
murder,1
enhank,1
kor,1
alon,1
určil,1
novel,1
predictabl,1
reac,1
adjust,1
depends,1
uses,1
podceňován,1
neurolingvistick,1
šetřen,1
předmět,1
konverzak,1
narativ,1
dekád,1
chápán,1
postav,1
multiword,1
zakládajíc,1
díl,1
předložit,1
dospívaj,1
společenskovědn,1
spolehlivost,1
pořízen,1
adapted,1
podpořit,1
nejotevřenějš,1
užívan,1
vágn,1
konceptualizak,1
scrut,1
indonésk,1
degre,1
differentl,1
versions,1
neurologick,1
vyrovnávaj,1
therefor,1
rozšiřuj,1
connected,1
dialectics,1
perzistent,1
analog,1
produced,1
mechanism,1
opensourk,1
emerged,1
starš,1
centur,1
dvoukroko,1
20th,1
during,1
autobiographical,1
míř,1
acknowledged,1
widel,1
nahrazujem,1
lock,1
john,1
usnadňuj,1
započal,1
intertwined,1
záměrn,1
sekvenk,1
víceznačn,1
reprezetank,1
explicitn,1
deal,1
výrob,1
fields,1
určuj,1
lower,1
zš,1
conclusion,1
recall,1
sš,1
overall,1
domněl,1
vaguel,1
twofold,1
conceptualih,1
attempts,1
jist,1
paralleling,1
bilingual,1
underrepresented,1
extracted,1
interakc,1
collocation,1
přestavujem,1
aktuál,1
summarizing,1
členě,1
kolokač,1
extrahovan,1
dvoj,1
přín,1
opraven,1
vznikl,1
fp,1
7th,1
podporován,1
momentáln,1
zvěřejňoval,1
proofread,1
dokázal,1
jim,1
učit,1
fakt,1
corrected,1
nejpodstatnějš,1
becom,1
omezenost,1
conversation,1
negac,1
operativn,1
představovan,1
skládajíc,1
profound,1
simulak,1
dynamičnost,1
reached,1
výpovědn,1
strojové,1
high,1
precision,1
běž,1
founding,1
cpan,1
https,1
notion,1
mozk,1
post,1
receiving,1
contexts,1
rest,1
varying,1
conducted,1
equal,1
vzešl,1
poskytujem,1
ngo,1
scholars,1
demonstruj,1
zkracovak,1
trojnásobn,1
reprodukovatelnost,1
závis,1
wins,1
oficiáln,1
ide,1
afixak,1
divid,1
discipl,1
konstituent,1
usnadnil,1
whether,1
spak,1
steps,1
capturing,1
readers,1
reordering,1
regions,1
abolish,1
articulated,1
dimensions,1
překonán,1
různost,1
generat,1
setkávám,1
limitations,1
facilitation,1
elaborat,1
randoml,1
certainl,1
manifesting,1
antinom,1
trick,1
traditional,1
zkontrolován,1
adaptovan,1
complementar,1
distinctiv,1
consisting,1
suggests,1
ranked,1
poskyt,1
shaping,1
rozvíjen,1
act,1
interpret,1
backgrounds,1
technological,1
budgets,1
úskal,1
conjugation,1
narátor,1
nenalézaj,1
přij,1
somehow,1
aplikován,1
conflicts,1
opportunit,1
choos,1
pluralit,1
vyrovn,1
audiovisual,1
zjiště,1
manifested,1
zjist,1
answers,1
ta,1
biografick,1
triad,1
dostan,1
exterimentál,1
reorderings,1
instead,1
biographic,1
experien,1
stor,1
neodpovíd,1
lif,1
meaningful,1
zkrácen,1
even,1
testimon,1
survivors,1
dyer,1
contributing,1
prožit,1
zapamatovan,1
příběh,1
smyslupln,1
declination,1
replacing,1
transparenk,1
povah,1
artikulován,1
narativit,1
dialektik,1
videotaped,1
increasing,1
přesouv,1
overcom,1
extent,1
action,1
fixed,1
missing,1
might,1
input,1
privileged,1
dvoucestn,1
kompromisn,1
nem,1
rich,1
přesouvá,1
tensions,1
jmenovit,1
toolkits,1
lexe,1
limitation,1
reflected,1
lexem,1
allowed,1
bas,1
tisík,1
lexém,1
reflektován,1
le,1
stylistic,1
faults,1
esp,1
fáz,1
scal,1
stylistick,1
currentl,1
thousand,1
kultivovan,1
captu,1
clot,1
accessor,1
plural,1
refer,1
egnerovan,1
group,1
položk,1
conditions,1
concr,1
grammaticalized,1
ohledn,1
hranic,1
klauz,1
zachyc,1
gramatic,1
prohřešk,1
odbor,1
denoting,1
docílit,1
behind,1
peopl,1
working,1
born,1
dovol,1
concern,1
older,1
advanced,1
big,1
očekávám,1
requi,1
offers,1
reliabl,1
material,1
latter,1
typological,1
potenciáln,1
lexik,1
multilayered,1
nedopatřen,1
srozumitelnost,1
korektnost,1
obituar,1
gre,1
americal,1
linguist,1
linguistics,1
viewed,1
ang,1
advanta,1
weak,1
úspěšnějš,1
inspiring,1
tested,1
zodpovědět,1
concerns,1
parataktick,1
objekt,1
conistenc,1
zvan,1
plenárn,1
zdůrazněn,1
formulován,1
konsistenk,1
vymezuj,1
members,1
ite,1
aktiv,1
úspěšněj,1
vést,1
sdružen,1
spolk,1
vnímán,1
reqirements,1
republic,1
uplatňovan,1
linguists,1
řazen,1
vylučuj,1
attributiv,1
výborn,1
inflekčn,1
nominalisations,1
restrictions,1
atributivn,1
vedlejš,1
nominalizac,1
adjektiv,1
demonstroval,1
poukazoval,1
conferenk,1
young,1
vygenerovan,1
methodological,1
fourth,1
doprovázen,1
contribu,1
analyzing,1
shodn,1
1960s,1
summarized,1
closel,1
issu,1
encod,1
conjunction,1
umožn,1
governing,1
thirdl,1
resultativ,1
understood,1
zohledněn,1
ukázk,1
souhr,1
stress,1
exemlifikuj,1
cooperation,1
modu,1
pozvan,1
kooperk,1
předpokládám,1
stored,1
way,1
repertoir,1
studied,1
interpla,1
her,1
representing,1
examplesar,1
shrnu,1
konsistent,1
respect,1
initiati,1
connl,1
apod,1
monitoring,1
národ,1
domnívám,1
nominaliza,1
interpretován,1
mostl,1
modified,1
marketing,1
addresse,1
přiblí,1
specifik,1
vytěžován,1
subcorpor,1
quantitativ,1
considerabl,1
vyhledávám,1
vymezujem,1
deleted,1
literatuř,1
worr,1
specif,1
frequenc,1
uměj,1
rar,1
less,1
acceptabl,1
allows,1
paid,1
nominalizations,1
interpreted,1
enab,1
ignit,1
bezpředložk,1
doposud,1
obšírněj,1
almost,1
endeavors,1
počítačo,1
creating,1
detailn,1
deverbativn,1
pos,1
realizac,1
chován,1
nejedn,1
jasn,1
jemn,1
odstín,1
derivac,1
complementation,1
thos,1
summarih,1
plain,1
requir,1
považuj,1
comparabl,1
myslím,1
confirm,1
plays,1
příjemk,1
subkorpus,1
pět,1
obdobn,1
nebol,1
podstatn,1
elidován,1
četnějš,1
potvrdit,1
nezanedbateln,1
adresát,1
charakteristick,1
polořízen,1
woman,1
psa,1
řeš,1
repositor,1
portorož,1
bezpečn,1
demonstration,1
demonstrak,1
packag,1
contains,1
lrec,1
experts,1
yu,1
čest,1
zdravotnick,1
profesionál,1
laick,1
investigat,1
medik,1
storing,1
poskytovatel,1
nominalized,1
důvěr,1
curent,1
law,1
vygenerován,1
storag,1
deployment,1
persistent,1
ids,1
situak,1
využíván,1
persistentn,1
pid,1
sloveni,1
trust,1
producer,1
ustaven,1
increas,1
impr,1
here,1
thoroughl,1
zadan,1
češitn,1
korektur,1
účastnil,1
odborník,1
compa,1
represantation,1
pozad,1
concentrating,1
multilayer,1
specifikac,1
jmenovan,1
sarkasm,1
geniti,1
illustrated,1
professionals,1
involving,1
review,1
bing,1
w2c,1
khresmo,1
outstanding,1
strong,1
baseli,1
microsoft,1
significant,1
real,1
improvement,1
over,1
throughout,1
details,1
exploration,1
futur,1
sem,1
vyjádžen,1
všeslovansk,1
filtrak,1
parafrázovn,1
předcházejí,1
proved,1
spočít,1
walent,1
slovanck,1
východisk,1
transforms,1
synthetic,1
closer,1
wording,1
tim,1
preser,1
correctness,1
applying,1
cíle,1
poškodit,1
outputs,1
polsk,1
actuall,1
harm,1
metric,1
after,1
extensiv,1
pokryt,1
doporučuj,1
prior,1
compu,1
match,1
shows,1
porovnávaj,1
standardnim,1
příspěvěk,1
tolik,1
newl,1
adjusted,1
obligtorn,1
filtrován,1
emplo,1
themsel,1
translating,1
initiall,1
podchycuj,1
extended,1
zachycujíc,1
ma,1
inconclusiv,1
appearing,1
solution,1
bilingvn,1
parafrazován,1
překld,1
upravujem,1
počítan,1
jednoslovn,1
fix,1
hlad,1
redu,1
greed,1
thanks,1
intensiv,1
diskurs,1
patříc,1
monolingváln,1
dostáv,1
upravuj,1
bližš,1
zachoval,1
správnost,1
opírají,1
mapován,1
zarovnává,1
pozic,1
cirkumfix,1
naopak,1
taken,1
literatur,1
giv,1
brief,1
outlook,1
whos,1
lay,1
gold,1
construction,1
measu,1
evaluačn,1
rozřešen,1
terminologi,1
addres,1
circumfixal,1
pozor,1
consideration,1
specified,1
ser,1
podst,1
correspondingl,1
third,1
zasadit,1
seven,1
participating,1
compan,1
academic,1
mnohalet,1
přehodnoc,1
úmysl,1
organized,1
estimat,1
art,1
implemented,1
rozhodn,1
dokumentujem,1
circumfi,1
intenzifikak,1
onk,1
derivativ,1
imperfectiv,1
umístěn,1
nazvan,1
us,1
considered,1
inflectional,1
klasifikuj,1
reflex,1
měn,1
tvoř,1
posloupnost,1
stupn,1
intenzit,1
pozměňuj,1
fulfilled,1
xml,1
trigger,1
highl,1
doingp,1
too,1
much,1
derivati,1
dotyčn,1
examined,1
anglickýmm,1
adds,1
sha,1
claimed,1
shar,1
levels,1
prohledávateln,1
semantics,1
furthermor,1
překládal,1
kumulativním,1
pravidlo,1
final,1
popularizačn,1
spanish,1
address,1
besi,1
proper,1
error,1
odstraněn,1
year,1
additional,1
anonymized,1
bariér,1
subtasks,1
teams,1
submitting,1
dostávaj,1
correction,1
publikac,1
záj,1
introdu,1
implementován,1
převést,1
integrován,1
optimáln,1
zvolen,1
katalánsk,1
soutěž,1
managing,1
colleag,1
mezinárod,1
řeše,1
koleg,1
pořádán,1
popularization,1
videotalk,1
způsobil,1
version,1
statick,1
sborník,1
aplikač,1
ověřován,1
uplatněn,1
notions,1
coordination,1
subordination,1
hypotaxis,1
parataxis,1
discussed,1
determinak,1
hypotax,1
paratax,1
srovnáván,1
přesah,1
hypotaktick,1
závažnost,1
poplsán,1
preprocessed,1
verified,1
pravideln,1
dokládaj,1
amounts,1
preliminar,1
numero,1
říd,1
předzpracován,1
přístupn,1
highlighting,1
analytics,1
činnost,1
introductor,1
korektn,1
řídic,1
formulujem,1
dialogovýh,1
odhadujem,1
nepřím,1
decoders,1
minimih,1
doslovn,1
optimih,1
speed,1
speeding,1
decoding,1
gpu,1
cards,1
computations,1
vyhledáv,1
promluv,1
karet,1
kompozicionáln,1
avšak,1
rozliš,1
convenient,1
deployed,1
determined,1
přenesen,1
tvořím,1
dostup,1
rozšiřujem,1
vynucuj,1
objevil,1
team,1
char,1
does,1
pomůck,1
funguj,1
matfyz,1
povídán,1
míněn,1
implement,1
normalizak,1
následujíc,1
týkaj,1
doporučen,1
všeobecn,1
modelovac,1
vytvář,1
obzvlášt,1
nejistot,1
latenk,1
integration,1
mezidoméno,1
mezijazyko,1
jednojazyko,1
wrapper,1
interfak,1
scripts,1
integrated,1
optimal,1
parameters,1
vysledn,1
presentován,1
recognizer,1
rozpoznáč,1
odlišnost,1
provedl,1
vyznačen,1
repertoár,1
transportation,1
conll09,1
mllt,1
řádek,1
lda,1
produkuj,1
lattik,1
dialogo,1
veřej,1
bezplat,1
formed,1
textual,1
padesát,1
snazš,1
slibuj,1
konsorci,1
poskytl,1
úpln,1
nastavit,1
ruč,1
trh,1
vyhodnotit,1
sentble,1
nist,1
digitálním,1
ter,1
cder,1
porovnal,1
testset,1
rychlejš,1
uspořádávaj,1
pramen,1
anotátoř,1
snazž,1
vznikaj,1
zhodnocen,1
zakladatelek,1
badatelk,1
robinson,1
vzdálen,1
odkazuj,1
nahrazuj,1
isoc,1
přiblížen,1
komplikoval,1
isocat,1
studujem,1
níž,1
soustředěn,1
komis,1
podchytit,1
částik,1
konfigurak,1
spoj,1
koherentn,1
celek,1
probádan,1
ifnormačn,1
těmt,1
užívám,1
označen,1
považujem,1
synsémantik,1
dokumentak,1
vymezit,1
lokalizak,1
rutinn,1
souvisl,1
strukturujíc,1
zamýšlej,1
spojk,1
podporovan,1
monografi,1
působíc,1
ztrát,1
už,1
seznámen,1
drobn,1
cen,1
efektivit,1
medicínsk,1
šir,1
vyjadř,1
neomezujem,1
zmenšen,1
příslušnost,1
vyhlášk,1
cltt,1
detekovateln,1
čímž,1
hodšpatn,1
rozpoznan,1
překonal,1
modulárn,1
els,1
testovan,1
intuitivn,1
zlepprostřed,1
utrecht,1
domorodec,1
frekventant,1
srovn,1
sídl,1
rozdíln,1
vědecky,1
nejenom,1
poznámk,1
druz,1
trénoval,1
vyvozen,1
navrhoval,1
gest,1
nejpravděpodobnějš,1
vyškolen,1
extrahuj,1
webcoll,1
uchováv,1
postavil,1
anotuj,1
šoural,1
hnis,1
vyráběn,1
shromažďuj,1
propojuj,1
obohacuj,1
konsorcium,1
legal,1
viděn,1
průměrován,1
krátkodob,1
slibn,1
tačr,1
requested,1
dstc2,1
kompetenk,1
odpovědn,1
agentur,1
zvítězil,1
ukázán,1
trojúhelník,1
vauquois,1
vyl,1
entropi,1
transkripk,1
abstrakk,1
zřízen,1
zušenost,1
soft,1
popisnost,1
denoising,1
autoencoders,1
firm,1
lids,1
koncipován,1
panevropsk,1
lékařstv,1
tématick,1
nestandardn,1
pomáhaj,1
dost,1
sledovak,1
horizon,1
znamen,1
soustřed,1
sfér,1
pokračujíc,1
iba,1
ak,1
špecifick,1
neum,1
postaven,1
väčš,1
týcht,1
požiadaviek,1
identifikoval,1
štyr,1
spravil,1
nerozum,1
našom,1
atraktívnejši,1
neoddeliteľn,1
nazývať,1
adresujem,1
vedeckej,1
knižnic,1
strak,1
diskut,1
konverzačn,1
nevyžaduj,1
orákulum,1
zvolil,1
porovnateln,1
orákul,1
swap,1
kompaktn,1
otestoval,1
uvolňujem,1
vytvoril,1
citačnú,1
protokol,1
súčasť,1
pripraviť,1
odeslal,1
přednášek,1
očištěn,1
filtrac,1
zarovnán,1
prostředn,1
pivotn,1
překládán,1
vietnamsk,1
přesahuj,1
multiparaleln,1
německ,1
kladl,1
constrined,1
conditional,1
omezujíc,1
graf,1
ted,1
film,1
vyžaduj,1
dialogov,1
vybrani,1
správnej,1
licenci,1
ptaj,1
nedorozumně,1
přibývají,1
množst,1
infrastruktuř,1
citov,1
sdílet,1
četn,1
zabránil,1
zmíněn,1
csenv,1
pairwis,1
implementovan,1
zařazuj,1
identifikuj,1
seznam,1
prováděn,1
člank,1
pestrost,1
potí,1
disambiguation,1
linking,1
zameřil,1
monolingvaln,1
disambiguak,1
dokáh,1
poskytn,1
nedosažiteln,1
navzdor,1
potvrzuj,1
napomáh,1
příkaz,1
agrovoc,1
jednoduš,1
gemet,1
překládám,1
zamýšlen,1
ukotven,1
webo,1
anotač,1
pocházej,1
plánovan,1
studovan,1
pokrýval,1
největ,1
vykazoval,1
instalak,1
překládaj,1
inspir,1
thesaur,1
dodržen,1
škál,1
zřejm,1
pozitivn,1
navrh,1
někdejš,1
rus,1
prosink,1
podkarpatsk,1
tagován,1
úhl,1
přiblížil,1
pamětnic,1
vzpomínek,1
úryvk,1
sestřih,1
sebeznalost,1
rozhodl,1
rozum,1
nutnost,1
československ,1
příručk,1
frázo,1
prohledávan,1
komplementárn,1
překlád,1
popisují,1
kterákoliv,1
diskriminativn,1
reranking,1
oxford,1
produkt,1
zaujmout,1
podnít,1
inflection,1
napsan,1
handbook,1
probanick,1
najít,1
bnc,1
wsj,1
ilustrují,1
vyjadřovan,1
aplika,1
nezbytn,1
výhodn,1
harmonizak,1
univerzál,1
popíš,1
kategoriáln,1
vyprázdně,1
týmiž,1
třet,1
predikčn,1
výpočetn,1
zvládnuteln,1
krát,1
využil,1
upravován,1
ukáž,1
potvrzují,1
vedouc,1
desítek,1
kvantifikátor,1
číslovk,1
obě,1
determinátor,1
přines,1
nejvík,1
desítk,1
referát,1
prober,1
zveřejněn,1
sestavil,1
nazva,1
postupn,1
aplikova,1
vyvíjejíc,1
používajík,1
pozorovan,1
průměrn,1
zřeteln,1
výhod,1
neboť,1
přidá,1
optimalizac,1
lepším,1
špatn,1
optimalizovan,1
dosáhnout,1
trénovan,1
tvrdit,1
legislativ,1
použij,1
absolutn,1
indexován,1
transformačn,1
použivan,1
tvoříc,1
zapojuj,1
nichž,1
vytipován,1
engin,1
sketch,1
závažn,1
konfiguračn,1
článc,1
reimplementac,1
mst,1
ryan,1
mcdonald,1
pokročil,1
naskenovan,1
vyhledávajíc,1
přísudk,1
rozšiřitelnost,1
mclass,1
pracovn,1
uplatniteln,1
tenk,1
klient,1
prohlížek,1
konfigurac,1
náročnost,1
vykonávan,1
připoje,1
procesor,1
intel,1
obsahoval,1
xeon,1
cpu,1
v2,1
wfbas,1
počítak,1
odpověď,1
navrhován,1
pojmenovanýchch,1
datlow,1
poskytnut,1
spravova,1
všestrann,1
southern,1
californi,1
institut,1
důraz,1
záznam,1
kladen,1
přibližn,1
obnáš,1
koncepk,1
sklád,1
kvalitn,1
hled,1
zvratn,1
podělím,1
legislativn,1
standardizovan,1
koordinačn,1
apozičn,1
redukčn,1
přistoupil,1
databáz,1
účinn,1
transformovan,1
shromážděn,1
harmonized,1
zkoum,1
uvádím,1
framenet,1
přenositeln,1
enviromentáln,1
alternativ,1
videozáznam,1
sur,1
odpovídaj,1
zaindexován,1
objem,1
vyžad,1
paralelizak,1
glos,1
charakterizuj,1
začít,1
mtmonke,1
urk,1
indoevropsk,1
správ,1
usiluj,1
objektivn,1
kombinová,1
menš,1
různorod,1
podpořen,1
zacház,1
instan,1
identick,1
asociovan,1
fakturován,1
neurčit,1
platn,1
váceslovn,1
served,1
archivak,1
infrastrukturn,1
statistics,1
dneš,1
contrasted,1
assumptions,1
regarding,1
moreover,1
prvk,1
finit,1
pokusit,1
coreferential,1
rozpě,1
zamyšlen,1
drsc,1
daneš,1
františk,1
audioarchiv,1
uvedl,1
indexak,1
tezaur,1
possessiv,1
impro,1
amalach,1
výpustek,1
aimed,1
výjimk,1
komplikovan,1
ja,1
inteligenk,1
kognitivn,1
přizpůsobitelnost,1
nasazan,1
neurolingvistik,1
literárn,1
psychologi,1
sociolingvistik,1
lexikografi,1
translatologi,1
složk,1
přidán,1
interdisciplinárn,1
můž,1
fung,1
seb,1
přednost,1
obraz,1
nesmírn,1
multimédi,1
primitivn,1
spirál,1
observed,1
prošel,1
exploited,1
centráln,1
vztažn,1
vypracoval,1
podceněn,1
vylepšuj,1
ostatn,1
mnohokrát,1
anatován,1
star,1
vč,1
gramatikalizovan,1
jejichž,1
comprehensiv,1
zaprv,1
číseln,1
gat,1
markup,1
capek,1
diagram,1
infinitivn,1
environmental,1
kontrolovan,1
assessment,1
posuzuj,1
stavb,1
nepřítomnost,1
vyhodnot,1
povolen,1
zájmenn,1
zadruh,1
liongvistick,1
rekonstruovan,1
autork,1
překlado,1
využít,1
vyhodnotil,1
šest,1
získal,1
crawling,1
uniformn,1
prohledává,1
trigram,1
hrub,1
otagovan,1
přínáš,1
procentn,1
tred,1
náročn,1
akceptovateln,1
vypouštěn,1
vytěžuj,1
pracuj,1
koreferencn,1
vyraz,1
anglict,1
zaklad,1
prazskeh,1
zavislostn,1
naseh,1
vyzkum,1
opaková,1
privlastnovak,1
vztazn,1
predikačn,1
zvlastn,1
rovnez,1
vynechan,1
srovnan,1
predstavujem,1
kapacit,1
ičo,1
uvozene,1
natur,1
zastoupen,1
predikak,1
vytěžen,1
např,1
společnost,1
sekk,1
odpad,1
látk,1
ohrožen,1
závěrečn,1
řídíc,1
nejdůležitějš,1
probíhají,1
optimalizujem,1
lineárn,1
předtrénovan,1
representations,1
sham,1
rooted,1
directional,1
labeled,1
jakož,1
awa,1
zúčastněn,1
zadán,1
shrnujem,1
function,1
determiners,1
prepositions,1
zasazujem,1
relačn,1
vazb,1
flexivn,1
would,1
efektivn,1
inflectiv,1
súvisiak,1
prepájani,1
relea,1
includ,1
výber,1
librar,1
pozostáv,1
archívoch,1
bindings,1
multimediálnych,1
navigáci,1
lematizac,1
kol,1
vyhľadávac,1
differen,1
interesting,1
specificall,1
compatibilit,1
totožnost,1
vyjadřujíc,1
believ,1
beneficial,1
refining,1
standards,1
příspevěk,1
lead,1
těmit,1
compatibl,1
abstrahuj,1
zjistit,1
napomok,1
čínsk,1
seeks,1
děj,1
level,1
serv,1
disku,1
nalezen,1
minimall,1
divergent,1
pád,1
udělován,1
vyvrácen,1
vyplývajíc,1
distinkk,1
argumentak,1
výrah,1
reveals,1
kongruenk,1
align,1
klitik,1
structurall,1
zvukovej,1
exist,1
programován,1
môž,1
reflexi,1
používateľ,1
pútav,1
následnom,1
nájden,1
detekci,1
automatickej,1
good,1
authors,1
developing,1
fill,1
gaps,1
mak,1
clear,1
presuppositions,1
odkazujúk,1
užívateli,1
najspoľahlivejš,1
journal,1
čísloviek,1
mien,1
proposal,1
pojednáv,1
frekvenci,1
buď,1
slovotvorn,1
reflexivizak,1
diatez,1
spoojen,1
metadat,1
zaujímajú,1
ďalši,1
nájsť,1
prechádzať,1
akustickej,1
addressed,1
multimediálneh,1
definujem,1
autosémantick,1
recentl,1
released,1
tri,1
najlepši,1
achie,1
dosiahol,1
ktorom,1
bbc,1
lemmatization,1
tokenization,1
hodín,1
throughput,1
prepája,1
zaoberám,1
skladebn,1
potvrdzujem,1
rw,1
vzťah,1
kombináci,1
publikova,1
kritick,1
výhrad,1
funkčním,1
generativním,1
mezer,1
vyjasněn,1
protějšk,1
defin,1
recovering,1
relationships,1
rozšíreni,1
medh,1
constitu,1
vymezil,1
konstruc,1
zabýval,1
former,1
úspešn,1
príznak,1
modalít,1
prozodick,1
tiež,1
vhodnosť,1
použiti,1
nam,1
navrhnut,1
segmentačn,1
využívajú,1
nestrukturovan,1
konrétn,1
párovan,1
subset,1
vrámk,1
effect,1
sought,1
positiv,1
menši,1
štandardn,1
niekoľk,1
slúži,1
nahrávok,1
zameriavam,1
strojovom,1
třídit,1
successfull,1
combi,1
multipl,1
lematizak,1
nezřídk,1
prosodic,1
confirms,1
organizers,1
connect,1
přípsěvk,1
vyber,1
pipel,1
syntactical,1
značkovac,1
blocks,1
convert,1
analytical,1
pokusil,1
zařazen,1
souběžn,1
projekc,1
analyzátor,1
zpracovac,1
blok,1
převáděj,1
sizeabl,1
comprising,1
nejvhodnějš,1
zobrazen,1
exploitations,1
prohlížen,1
formats,1
přidáv,1
přísluš,1
creation,1
viz,1
parelel,1
páruj,1
popsán,1
odchyluj,1
probabilistic,1
čím,1
acquired,1
through,1
projection,1
rozdelen,1
najprv,1
presn,1
upd,1
zjednodušit,1
perceptron,1
realizátor,1
výstupn,1
employing,1
trén,1
sytax,1
publikovan,1
rozlišován,1
usefulness,1
exploiting,1
pravděpodobnost,1
removal,1
overlapping,1
retrieved,1
ranker,1
podstrom,1
vyhľadani,1
extensions,1
multilinguáln,1
typolog,1
snadnějš,1
umožňoval,1
stanford,1
plynul,1
našeh,1
morphosyntactic,1
tagsets,1
philosoph,1
zajištěn,1
inventor,1
facilitat,1
across,1
allowing,1
apriorn,1
účasť,1
vrác,1
rovnakej,1
segmented,1
smaller,1
věnov,1
podám,1
předložím,1
decid,1
dizertačn,1
článok,1
zaober,1
vyhľadáva,1
nahrávkach,1
byznys,1
úspěch,1
dlh,1
užívateľ,1
passag,1
passa,1
relevant,1
prekrývajuk,1
dĺžk,1
udpc,1
taktiež,1
užitočnosť,1
preskúmam,1
odstraňovani,1
odhadovač,1
horš,1
tag,1
indukk,1
podpůrn,1
odvozen,1
want,1
listr,1
nachádzajúk,1
semantick,1
stupň,1
promítnut,1
sleduj,1
pok,1
existuj,1
frekvenčn,1
referenč,1
převažujíc,1
srov,1
iii,1
kulis,1
okolnost,1
situac,1
užív,1
zásad,1
alespoň,1
vysled,1
opír,1
přepis,1
extralingvistic,1
design,1
comparativ,1
vyústil,1
vhled,1
připravil,1
generak,1
rozvíjet,1
školn,1
implementujem,1
procvičován,1
shromažďujem,1
transformujem,1
kvalitnějš,1
akvizik,1
cizink,1
vedl,1
jednom,1
předcho,1
letn,1
verz,1
depling,1
přítomn,1
tektogramatik,1
rozlišujem,1
anotatova,1
tvrdím,1
zachovávaj,1
žádn,1
velik,1
pozorován,1
podmínko,1
specifikač,1
opozič,1
dokládám,1
chová,1
cca,1
aktualizovan,1
ovlivnit,1
funktor,1
uspořádán,1
absenk,1
bývaj,1
pisatel,1
častěj,1
čtenář,1
olympiád,1
komentovan,1
řešitel,1
následuj,1
neobligatorn,1
fakultativn,1
nepotvrdil,1
délk,1
vyčlenil,1
příprav,1
namel,1
newspaper,1
vtělen,1
takt,1
titul,1
okruh,1
příznak,1
přínosn,1
distribution,1
vyjadřuj,1
dirkurzn,1
flektivn,1
nenáročn,1
np,1
lokaliz,1
přesp,1
marking,1
vyskytuj,1
korpuso,1
ucelen,1
curi,1
propozik,1
poruzuměn,1
encyklopedick,1
understanding,1
konkrétněj,1
napovíd,1
řeč,1
podáv,1
sledujem,1
sémantic,1
uzavírám,1
publikak,1
nejslibnějš,1
předkládan,1
koherenk,1
rozumím,1
definiteness,1
řetězc,1
strukturn,1
predikk,1
báz,1
prostředníct,1
crowdflower,1
assumption,1
following,1
trackován,1
taking,1
advancing,1
should,1
distinctions,1
tracking,1
dstc,1
origináln,1
motivation,1
mari,1
zobecňuj,1
neznám,1
žád,1
experimentáln,1
typografick,1
evaluován,1
strateg,1
disertačn,1
pronominal,1
čtyř,1
pc,1
interakk,1
souvis,1
zapříčiněn,1
regulated,1
phra,1
poživám,1
učíc,1
discours,1
škol,1
synergick,1
demostrujem,1
validac,1
morflex,1
morfologic,1
cql,1
zakládaj,1
dán,1
element,1
uvede,1
úsporn,1
probírán,1
inventář,1
zobrazován,1
vizualiz,1
těžk,1
počt,1
natrénová,1
použitelnost,1
sf,1
metodik,1
sám,1
aktualn,1
konstruk,1
studoval,1
obeznámen,1
lid,1
přispíval,1
zbytek,1
přepsán,1
profesionáln,1
zveřejňujem,1
preprocessing,1
wik,1
metologi,1
apach,1
derivát,1
thorough,1
logik,1
atribut,1
situačn,1
thi,1
frekvenc,1
interpretak,1
předložen,1
morphe,1
constitut,1
meanings,1
either,1
polysémn,1
formation,1
stupeň,1
called,1
reflexivization,1
předpokládán,1
určujíc,1
sestávajíc,1
pojednán,1
lexikalizovan,1
dubn,1
suppo,1
armén,1
genocid,1
units,1
svědk,1
attribut,1
component,1
determining,1
mapping,1
přírůstek,1
badatelsk,1
předklád,1
formalizovan,1
realizovan,1
konc,1
lékařsk,1
souhrn,1
generick,1
shrnem,1
vycházejíc,1
nastíním,1
mezianotátorsk,1
konkrét,1
nadvětn,1
přihlednu,1
jinych,1
retezk,1
pronikán,1
oreferencn,1
věnoval,1
vyskytujíc,1
koncentrak,1
mezianotatorsk,1
formalizak,1
verbáln,1
dosáhl,1
adkolokačn,1
düsseldorf,1
analyzoval,1
význačn,1
indikátor,1
aktualním,1
nepísmenn,1
záměn,1
písmen,1
zkratek,1
pomez,1
argot,1
navrhnem,1
rozvíj,1
ekvikomplexit,1
prezengtak,1
srovnam,1
respektiv,1
maximum,1
entroph,1
minimáln,1
bezplatn,1
čísl,1
porozuměn,1
postavit,1
minimál,1
úsi,1
učitel,1
desambiguak,1
subkategorizak,1
odpovíd,1
zmínek,1
událost,1
slovníc,1
snažš,1
postupoval,1
detailnejs,1
počas,1
nejrůznějš,1
testujem,1
dataset,1
stávajíc,1
přestoh,1
odvět,1
pros,1
rozresen,1
vytváře,1
generalizovan,1
targets,1
automatickeh,1
nasazován,1
predstavim,1
nedostatk,1
spec,1
